;DATE;HOME;AWAY;HALF_TIME_HOME_GOALS;HALF_TIME_AWAY_GOALS;FULL_TIME_HOME_GOALS;FULL_TIME_AWAY_GOALS;FULL_TIME_RESULT;MAX_HOME_ODDS;MAX_DRAW_ODDS;MAX_AWAY_ODDS;AVG_HOME_ODDS;AVG_DRAW_ODDS;AVG_AWAY_ODDS;MAX_INITIAL_HOME_ODDS;MAX_INITIAL_DRAW_ODDS;MAX_INITIAL_AWAY_ODDS;AVG_INITIAL_HOME_ODDS;AVG_INITIAL_DRAW_ODDS;AVG_INITIAL_AWAY_ODDS
0;13/08/2021;Brentford;Arsenal;1;0;2;0;H;4,62;3,72;2,1;4,02;3,43;2,02;4,2;3,5;2,18;3,89;3,28;2,1
1;14/08/2021;Man United;Leeds;1;0;5;1;H;1,59;4,65;6,35;1,55;4,48;5,87;1,71;4,33;5,8;1,64;4,19;5,22
2;14/08/2021;Burnley;Brighton;1;0;1;2;A;3,33;3,2;2,6;3,19;3,09;2,49;3,35;3,2;2,56;3,19;3,1;2,48
3;14/08/2021;Chelsea;Crystal Palace;2;0;3;0;H;1,3;6,3;15;1,26;5,92;12,8;1,36;5,5;11,5;1,33;5,17;10,58
4;14/08/2021;Everton;Southampton;0;1;3;1;H;2,04;3,66;4,25;1,97;3,53;4,04;2,12;3,5;4,2;2,04;3,39;3,95
5;14/08/2021;Leicester;Wolves;1;0;1;0;H;1,75;3,96;5,6;1,71;3,75;5,32;1,82;4,13;5,5;1,74;3,72;5,06
6;14/08/2021;Watford;Aston Villa;2;0;3;2;H;3,3;3,4;2,5;3,14;3,26;2,41;3,73;3,45;2,3;3,49;3,3;2,22
7;14/08/2021;Norwich;Liverpool;0;1;0;3;A;9,9;6;1,37;8,78;5,71;1,33;8;5,5;1,5;6,8;4,85;1,46
8;15/08/2021;Newcastle;West Ham;2;1;2;4;A;3,36;3,61;2,36;3,2;3,51;2,26;3,62;3,6;2,27;3,36;3,5;2,19
9;15/08/2021;Tottenham;Man City;0;0;1;0;H;5,85;4,3;1,68;5,49;4,1;1,64;6,53;4,33;1,65;5,88;4,12;1,6
10;21/08/2021;Liverpool;Burnley;1;0;2;0;H;1,24;7,5;17;1,21;6,97;14,41;1,31;7,1;14;1,24;6,57;12,29
11;21/08/2021;Aston Villa;Newcastle;1;0;2;0;H;1,87;4,2;4,5;1,82;3,92;4,25;1,89;4,1;4,43;1,84;3,88;4,21
12;21/08/2021;Crystal Palace;Brentford;0;0;0;0;D;2,7;3,3;3,02;2,61;3,18;2,9;2,75;3,27;3;2,65;3,16;2,9
13;21/08/2021;Leeds;Everton;1;1;2;2;D;2,45;3,6;3,19;2,37;3,47;3,03;2,25;3,6;3,7;2,13;3,49;3,53
14;21/08/2021;Man City;Norwich;2;0;5;0;H;1,13;12,5;33;1,11;10,58;25,64;1,15;11;28,44;1,12;9,88;23,15
15;21/08/2021;Brighton;Watford;2;0;2;0;H;1,8;3,6;5,9;1,74;3,52;5,53;1,8;3,75;6;1,74;3,58;5,41
16;22/08/2021;Southampton;Man United;1;0;1;1;D;5,75;4,42;1,66;5,36;4,26;1,61;5,79;4,5;1,7;5,39;4,28;1,62
17;22/08/2021;Wolves;Tottenham;0;1;0;1;A;3,42;3,29;2,55;3,2;3,15;2,43;3,17;3,2;2,84;2,93;3,06;2,7
18;22/08/2021;Arsenal;Chelsea;0;2;0;2;A;5;3,9;1,83;4,76;3,74;1,78;4,98;3,75;1,96;4,51;3,54;1,88
19;23/08/2021;West Ham;Leicester;1;0;4;1;H;2,66;3,55;2,87;2,58;3,44;2,75;2,56;3,7;3,1;2,46;3,47;2,9
20;28/08/2021;Man City;Arsenal;3;0;5;0;H;1,3;6,6;13,7;1,26;6,16;11,99;1,4;5,75;11,5;1,34;5,24;9,86
21;28/08/2021;Aston Villa;Brentford;1;1;1;1;D;2,06;3,74;4;2;3,57;3,84;2,15;3,43;4,1;2,09;3,3;3,9
22;28/08/2021;Brighton;Everton;0;1;0;2;A;2,42;3,39;3,42;2,35;3,25;3,27;2,4;3,34;3,5;2,31;3,23;3,36
23;28/08/2021;Newcastle;Southampton;0;0;2;2;D;2,6;3,77;2,94;2,52;3,47;2,82;2,56;3,74;3;2,44;3,54;2,86
24;28/08/2021;Norwich;Leicester;1;1;1;2;A;4,7;3,7;1,97;4,34;3,55;1,9;4,62;3,76;1,96;4,21;3,63;1,9
25;28/08/2021;West Ham;Crystal Palace;1;0;2;2;D;1,63;4,15;6,7;1,58;4,02;6,29;1,61;4,33;7;1,57;4,12;6,39
26;28/08/2021;Liverpool;Chelsea;1;1;1;1;D;2,6;3,51;3,08;2,5;3,33;2,95;2,55;3,63;3,26;2,43;3,32;3,07
27;29/08/2021;Burnley;Leeds;0;0;1;1;D;3,17;3,71;2,42;3,07;3,51;2,33;3,52;3,65;2,3;3,27;3,54;2,22
28;29/08/2021;Tottenham;Watford;1;0;1;0;H;1,48;4,75;9,1;1,44;4,48;8,42;1,51;4,7;9,34;1,47;4,45;7,65
29;29/08/2021;Wolves;Man United;0;0;0;1;A;5,2;3,65;1,91;4,91;3,48;1,82;5,25;3,84;1,83;4,88;3,71;1,77
30;11/09/2021;Crystal Palace;Tottenham;0;0;3;0;H;4,63;3,56;2;4,25;3,44;1,95;4,3;3,5;2,18;3,95;3,32;2,07
31;11/09/2021;Arsenal;Norwich;0;0;1;0;H;1,55;4,6;6,95;1,52;4,48;6,4;1,5;5,13;8,83;1,42;4,89;7,72
32;11/09/2021;Brentford;Brighton;0;0;0;1;A;2,99;3,26;2,78;2,86;3,14;2,69;3,2;3,24;2,88;3,01;3,01;2,67
33;11/09/2021;Leicester;Man City;0;0;0;1;A;6,15;4,5;1,63;5,7;4,22;1,6;6;4,33;1,7;5,58;4,04;1,63
34;11/09/2021;Man United;Newcastle;1;0;4;1;H;1,24;7,8;17;1,2;7,27;14,77;1,22;8,06;19,13;1,19;7,42;15,77
35;11/09/2021;Southampton;West Ham;0;0;0;0;D;2,98;3,56;2,57;2,89;3,46;2,47;3,3;3,7;2,46;3,06;3,53;2,33
36;11/09/2021;Watford;Wolves;0;0;0;2;A;3,48;3,28;2,38;3,36;3,19;2,33;4;3,29;2,35;3,57;3,17;2,25
37;11/09/2021;Chelsea;Aston Villa;1;0;3;0;H;1,33;5,75;12,94;1,3;5,46;11,28;1,4;5,6;12,3;1,34;5,29;9,78
38;12/09/2021;Leeds;Liverpool;0;1;0;3;A;4,7;4,2;1,83;4,34;4,05;1,78;5,2;4,6;1,75;4,86;4,31;1,67
39;13/09/2021;Everton;Burnley;0;0;3;1;H;1,8;3,83;5,4;1,75;3,71;5,01;1,85;3,74;5,74;1,78;3,52;5,23
40;17/09/2021;Newcastle;Leeds;1;1;1;1;D;3,15;3,75;2,42;3,01;3,62;2,33;3,25;3,8;2,34;3,09;3,67;2,26
41;18/09/2021;Wolves;Brentford;0;2;0;2;A;1,95;3,35;5;1,9;3,27;4,83;1,92;3,45;5,61;1,83;3,35;5,1
42;18/09/2021;Burnley;Arsenal;0;1;0;1;A;4;3,66;2,1;3,82;3,5;2,03;4,14;3,79;2,11;3,76;3,63;2,01
43;18/09/2021;Liverpool;Crystal Palace;1;0;3;0;H;1,25;7,3;17;1,22;6,84;14,04;1,33;7;15,1;1,27;6,16;11,26
44;18/09/2021;Man City;Southampton;0;0;0;0;D;1,19;9,5;21;1,15;8,46;18,55;1,2;9;23;1,17;8,1;16,62
45;18/09/2021;Norwich;Watford;1;1;1;3;A;2,28;3,52;3,6;2,18;3,39;3,47;2,41;3,5;3,52;2,3;3,3;3,34
46;18/09/2021;Aston Villa;Everton;0;0;3;0;H;2,5;3,51;3,19;2,4;3,36;3,06;2,39;3,5;3,65;2,18;3,36;3,52
47;19/09/2021;Brighton;Leicester;1;0;2;1;H;2,88;3,42;2,85;2,75;3,23;2,73;2,65;3,35;3,16;2,52;3,22;3,02
48;19/09/2021;West Ham;Man United;1;1;1;2;A;4,84;4,05;1,83;4,51;3,9;1,78;4,63;4;1,92;4,38;3,77;1,83
49;19/09/2021;Tottenham;Chelsea;0;0;0;3;A;5,1;4,05;1,81;4,89;3,83;1,74;4,82;3,6;2,06;4,2;3,41;1,97
50;25/09/2021;Chelsea;Man City;0;0;0;1;A;2,78;3,36;2,9;2,66;3,26;2,79;3,04;3,3;2,75;2,89;3,18;2,64
51;25/09/2021;Man United;Aston Villa;0;0;0;1;A;1,43;5,5;8,5;1,4;5,08;7,84;1,45;5,25;8,83;1,4;4,99;7,82
52;25/09/2021;Everton;Norwich;1;0;2;0;H;1,68;4;6,5;1,63;3,86;5,96;1,75;3,85;6;1,69;3,76;5,53
53;25/09/2021;Leeds;West Ham;1;0;1;2;A;3,18;3,75;2,4;3,04;3,67;2,29;3,19;3,75;2,45;2,95;3,6;2,36
54;25/09/2021;Leicester;Burnley;1;2;2;2;D;1,64;4,25;6,5;1,59;4,05;6,12;1,76;4,1;6,25;1,68;3,86;5,32
55;25/09/2021;Watford;Newcastle;0;1;1;1;D;2,35;3,5;3,47;2,27;3,37;3,32;2,35;3,61;3,76;2,13;3,48;3,52
56;25/09/2021;Brentford;Liverpool;1;1;3;3;D;7,5;4,65;1,53;6,96;4,48;1,49;8,3;5,25;1,56;7,58;4,86;1,42
57;26/09/2021;Southampton;Wolves;0;0;0;1;A;2,78;3,38;2,92;2,65;3,24;2,83;2,7;3,42;3,83;2,21;3,3;3,52
58;26/09/2021;Arsenal;Tottenham;3;0;3;1;H;2,38;3,5;3,55;2,28;3,31;3,35;2,32;3,5;3,74;2,2;3,39;3,45
59;27/09/2021;Crystal Palace;Brighton;1;0;1;1;D;3,16;3,25;2,67;3,04;3,15;2,54;3;3,2;2,8;2,9;3,09;2,69
60;02/10/2021;Man United;Everton;1;0;1;1;D;1,54;4,55;7,59;1,5;4,38;7,08;1,61;4,45;7,43;1,54;4,24;6,48
61;02/10/2021;Burnley;Norwich;0;0;0;0;D;1,94;3,71;4,54;1,88;3,61;4,33;2,02;3,67;4,2;1,96;3,54;4,01
62;02/10/2021;Chelsea;Southampton;1;0;3;1;H;1,42;5,13;10;1,38;4,9;8,92;1,47;5;9,2;1,42;4,73;7,94
63;02/10/2021;Leeds;Watford;1;0;1;0;H;1,83;4,13;4,9;1,76;3,9;4,63;1,8;4,1;4,9;1,76;3,95;4,6
64;02/10/2021;Wolves;Newcastle;1;1;2;1;H;1,75;4,2;5,5;1,69;4;5,02;1,87;3,92;5,31;1,78;3,71;4,75
65;02/10/2021;Brighton;Arsenal;0;0;0;0;D;3,2;3,34;2,6;3,05;3,22;2,5;3,52;3,4;2,52;3,24;3,29;2,35
66;03/10/2021;Crystal Palace;Leicester;0;2;2;2;D;3,2;3,52;2,44;3,11;3,41;2,36;2,9;3,37;2,75;2,82;3,25;2,64
67;03/10/2021;Tottenham;Aston Villa;1;0;2;1;H;2,2;3,65;3,66;2,12;3,53;3,5;2,22;3,6;4,06;2,11;3,44;3,65
68;03/10/2021;West Ham;Brentford;0;1;1;2;A;1,86;3,85;4,9;1,82;3,62;4,67;1,88;3,85;5,13;1,78;3,72;4,81
69;03/10/2021;Liverpool;Man City;0;0;2;2;D;3;3,75;2,52;2,9;3,53;2,43;3,2;3,97;2,45;3,02;3,56;2,35
70;16/10/2021;Watford;Liverpool;0;2;0;5;A;9,5;5,75;1,39;8,67;5,33;1,36;9,89;5,88;1,39;8,61;5,48;1,35
71;16/10/2021;Aston Villa;Wolves;0;0;2;3;A;2,36;3,4;3,56;2,25;3,28;3,42;2,4;3,35;4,1;2,13;3,2;3,84
72;16/10/2021;Leicester;Man United;1;1;4;2;H;3,72;3,7;2,18;3,49;3,59;2,1;3,9;3,97;2,15;3,66;3,75;2
73;16/10/2021;Man City;Burnley;1;0;2;0;H;1,14;10,5;29;1,12;9,47;22,12;1,16;9,71;23;1,14;8,96;19,09
74;16/10/2021;Norwich;Brighton;0;0;0;0;D;3,86;3,41;2,21;3,67;3,34;2,13;4,35;3,71;2,2;4,03;3,49;1,97
75;16/10/2021;Southampton;Leeds;0;0;1;0;H;2,48;3,77;3,07;2,4;3,52;2,93;2,38;3,74;3,55;2,16;3,58;3,34
76;16/10/2021;Brentford;Chelsea;0;1;0;1;A;6,75;4;1,66;6,37;3,84;1,6;6,4;4;1,77;5,58;3,83;1,66
77;17/10/2021;Everton;West Ham;0;0;0;1;A;2,64;3,58;3,02;2,52;3,35;2,89;2,95;3,52;2,8;2,84;3,27;2,61
78;17/10/2021;Newcastle;Tottenham;1;3;2;3;A;3,84;3,75;2,15;3,51;3,58;2,09;3,9;3,75;2,2;3,56;3,61;2,07
79;18/10/2021;Arsenal;Crystal Palace;1;0;2;2;D;1,7;4,1;6,13;1,65;3,87;5,65;1,65;4,2;6,59;1,61;4;5,81
80;22/10/2021;Arsenal;Aston Villa;2;0;3;1;H;2,09;3,9;4,3;1,91;3,73;4,05;2,12;3,85;4,55;1,98;3,64;3,87
81;23/10/2021;Chelsea;Norwich;3;0;7;0;H;1,22;7,75;20;1,19;7,07;17,21;1,26;7,32;17,97;1,22;6,51;14,53
82;23/10/2021;Crystal Palace;Newcastle;0;0;1;1;D;2,05;3,78;4,05;1,97;3,61;3,88;2;3,69;4,62;1,91;3,54;4,24
83;23/10/2021;Everton;Watford;1;1;2;5;A;1,72;4,08;5,79;1,67;3,86;5,49;1,87;3,87;5,25;1,79;3,62;4,84
84;23/10/2021;Leeds;Wolves;0;1;1;1;D;2,68;3,52;2,98;2,57;3,37;2,79;2,64;3,6;3,15;2,44;3,4;2,96
85;23/10/2021;Southampton;Burnley;1;1;2;2;D;2,08;3,68;4,1;2;3,54;3,87;2,09;3,8;4,39;1,97;3,61;3,9
86;23/10/2021;Brighton;Man City;0;3;1;4;A;8,5;5;1,46;7,71;4,77;1,42;9,67;5,28;1,57;8,1;4,84;1,41
87;24/10/2021;Brentford;Leicester;0;1;1;2;A;2,75;3,6;2,83;2,63;3,39;2,72;3,05;3,56;2,7;2,78;3,41;2,58
88;24/10/2021;West Ham;Tottenham;0;0;1;0;H;2,48;3,62;3,23;2,35;3,49;3,01;2,4;3,66;3,3;2,29;3,5;3,13
89;24/10/2021;Man United;Liverpool;0;4;0;5;A;3,25;3,81;2,38;3,06;3,66;2,27;3,15;3,93;2,55;2,97;3,59;2,35
90;30/10/2021;Leicester;Arsenal;0;2;0;2;A;2,56;3,6;3;2,47;3,47;2,87;2,69;3,6;2,96;2,5;3,49;2,8
91;30/10/2021;Burnley;Brentford;3;0;3;1;H;2,73;3,42;2,86;2,66;3,24;2,78;2,74;3,35;3;2,64;3,15;2,88
92;30/10/2021;Liverpool;Brighton;2;1;2;2;D;1,27;6,92;13,5;1,24;6,49;12,11;1,32;6,75;12;1,28;6,06;10,42
93;30/10/2021;Man City;Crystal Palace;0;1;0;2;A;1,19;8,94;22,14;1,16;8,13;18,61;1,17;9,75;23;1,14;8,64;19,87
94;30/10/2021;Newcastle;Chelsea;0;0;0;3;A;9,5;5,15;1,42;8,63;4,91;1,38;8,64;4,91;1,48;7,84;4,54;1,44
95;30/10/2021;Watford;Southampton;0;1;0;1;A;3,25;3,5;2,45;3,12;3,37;2,35;3,62;3,58;2,36;3,23;3,44;2,26
96;30/10/2021;Tottenham;Man United;0;1;0;3;A;3,05;3,74;2,47;2,93;3,57;2,37;3,34;3,75;2,38;3,12;3,58;2,26
97;31/10/2021;Norwich;Leeds;0;0;1;2;A;3,6;3,75;2,17;3,44;3,6;2,11;3,83;3,85;2,1;3,59;3,66;2,03
98;31/10/2021;Aston Villa;West Ham;1;2;1;4;A;2,95;3,68;2,57;2,83;3,5;2,48;3,22;3,69;2,55;2,96;3,48;2,39
99;01/11/2021;Wolves;Everton;2;0;2;1;H;2,32;3,4;3,6;2,24;3,28;3,39;2,39;3,49;3,8;2,24;3,17;3,56
100;05/11/2021;Southampton;Aston Villa;1;0;1;0;H;2,08;3,82;3,8;2,02;3,66;3,68;2,18;3,85;4;2,06;3,64;3,56
101;06/11/2021;Man United;Man City;0;2;0;2;A;4,95;4,3;1,76;4,69;4,09;1,72;5;4,59;1,76;4,65;4,14;1,71
102;06/11/2021;Brentford;Norwich;0;2;1;2;A;1,68;4,05;6,06;1,63;3,92;5,8;1,73;4,2;6,13;1,64;3,97;5,53
103;06/11/2021;Chelsea;Burnley;1;0;1;1;D;1,29;6,23;14;1,26;5,94;12,51;1,31;6,21;14;1,27;5,67;12,59
104;06/11/2021;Crystal Palace;Wolves;0;0;2;0;H;2,62;3,33;3,21;2,5;3,15;3,08;2,42;3,2;3,6;2,34;3,1;3,42
105;06/11/2021;Brighton;Newcastle;1;0;1;1;D;1,68;4,18;6,04;1,62;3,99;5,76;1,65;4,63;6,25;1,59;4,13;5,84
106;07/11/2021;Arsenal;Watford;0;0;1;0;H;1,43;5,25;9;1,39;4,9;8,25;1,5;5,01;8,06;1,45;4,76;7,13
107;07/11/2021;Everton;Tottenham;0;0;0;0;D;3,2;3,54;2,52;3,06;3,28;2,42;3,77;3,37;2,34;3,39;3,28;2,26
108;07/11/2021;Leeds;Leicester;1;1;1;1;D;2,9;3,78;2,6;2,76;3,56;2,5;2,88;3,57;2,8;2,64;3,44;2,68
109;07/11/2021;West Ham;Liverpool;1;1;3;2;H;5;4,25;1,77;4,59;4,11;1,72;4,75;4,43;1,78;4,45;4,21;1,73
110;20/11/2021;Leicester;Chelsea;0;2;0;3;A;5;3,86;1,84;4,74;3,72;1,78;5,12;3,86;1,81;4,91;3,71;1,76
111;20/11/2021;Aston Villa;Brighton;0;0;2;0;H;2,52;3,47;3,15;2,43;3,31;3,04;2,58;3,4;3,23;2,48;3,29;3
112;20/11/2021;Burnley;Crystal Palace;2;3;3;3;D;2,9;3,33;2,83;2,77;3,23;2,7;2,95;3,54;2,8;2,85;3,18;2,68
113;20/11/2021;Newcastle;Brentford;2;2;3;3;D;2,75;3,58;2,82;2,64;3,37;2,72;2,7;3,78;3,07;2,48;3,39;2,92
114;20/11/2021;Norwich;Southampton;1;1;2;1;H;3,75;3,6;2,2;3,63;3,46;2,1;3,91;3,62;2,21;3,54;3,45;2,14
115;20/11/2021;Watford;Man United;2;0;4;1;H;6,7;4,9;1,55;6,22;4,65;1,5;7,23;5;1,55;6,42;4,62;1,5
116;20/11/2021;Wolves;West Ham;0;0;1;0;H;3,18;3,38;2,56;3,02;3,27;2,47;3,4;3,38;2,5;3,14;3,27;2,41
117;20/11/2021;Liverpool;Arsenal;1;0;4;0;H;1,53;5;7,16;1,48;4,77;6,38;1,57;5,2;6,55;1,52;4,7;5,93
118;21/11/2021;Man City;Everton;1;0;3;0;H;1,22;8,3;19;1,18;7,56;15,95;1,23;8,1;18,25;1,21;7,11;14,63
119;21/11/2021;Tottenham;Leeds;0;1;2;1;H;1,8;4,3;4,75;1,73;4,07;4,56;1,67;4,3;6,59;1,61;4,06;5,73
120;27/11/2021;Arsenal;Newcastle;0;0;2;0;H;1,52;5;7;1,47;4,77;6,61;1,55;4,76;7;1,51;4,54;6,3
121;27/11/2021;Crystal Palace;Aston Villa;0;1;1;2;A;2,32;3,56;3,52;2,24;3,37;3,36;2,4;3,57;3,45;2,32;3,23;3,32
122;27/11/2021;Liverpool;Southampton;3;0;4;0;H;1,33;6,37;11;1,29;5,99;9,78;1,3;7,1;13;1,25;6,5;11,34
123;27/11/2021;Norwich;Wolves;0;0;0;0;D;3,65;3,5;2,26;3,54;3,35;2,17;3,85;3,43;2,29;3,57;3,29;2,19
124;27/11/2021;Brighton;Leeds;0;0;0;0;D;2,18;3,5;3,92;2,11;3,41;3,67;2,26;3,62;3,7;2,19;3,31;3,54
125;28/11/2021;Brentford;Everton;1;0;1;0;H;2,34;3,4;3,6;2,25;3,27;3,4;2,31;3,35;3,79;2,25;3,21;3,52
126;28/11/2021;Leicester;Watford;3;1;4;2;H;1,68;4,38;5,73;1,63;4,15;5,26;1,76;4,1;5,81;1,7;3,9;5,1
127;28/11/2021;Man City;West Ham;1;0;2;1;H;1,34;6,25;11;1,3;5,82;10,01;1,31;6,9;12;1,27;6,21;10,75
128;28/11/2021;Chelsea;Man United;0;0;1;1;D;1,65;4,31;6,2;1,61;4,12;5,67;1,59;4,4;7,16;1,56;4,21;6,21
129;30/11/2021;Newcastle;Norwich;0;0;1;1;D;2,06;3,75;3,98;1,99;3,63;3,82;2,21;3,63;4,12;2,11;3,51;3,56
130;30/11/2021;Leeds;Crystal Palace;0;0;1;0;H;2,52;3,43;3,17;2,42;3,33;3,06;2,36;3,48;3,55;2,25;3,34;3,35
131;01/12/2021;Southampton;Leicester;2;1;2;2;D;2,56;3,56;3;2,43;3,47;2,91;2,5;3,57;3,25;2,36;3,46;3,07
132;01/12/2021;Watford;Chelsea;1;1;1;2;A;11,5;5,75;1,35;10,3;5,43;1,31;11,12;5,7;1,39;9,78;5,33;1,33
133;01/12/2021;West Ham;Brighton;1;0;1;1;D;2,08;3,67;4;2,01;3,53;3,79;2,05;3,65;4,5;1,98;3,45;4,14
134;01/12/2021;Wolves;Burnley;0;0;0;0;D;2,02;3,53;4,44;1,95;3,41;4,23;2,05;3,51;4,94;1,94;3,37;4,4
135;01/12/2021;Aston Villa;Man City;0;2;1;2;A;10;5,5;1,41;8,6;5,2;1,36;8;4,9;1,48;7,35;4,63;1,45
136;01/12/2021;Everton;Liverpool;1;2;1;4;A;8,5;5,31;1,44;7,52;5,05;1,41;9,5;5,7;1,41;8,49;5,18;1,37
137;02/12/2021;Tottenham;Brentford;1;0;2;0;H;1,7;4,3;5,6;1,64;4,07;5,25;1,7;4,25;6,06;1,66;3,93;5,46
138;02/12/2021;Man United;Arsenal;1;1;3;2;H;2,1;3,85;3,76;2,02;3,66;3,66;2,18;3,82;3,85;2,07;3,66;3,52
139;04/12/2021;West Ham;Chelsea;1;2;3;2;H;5;3,75;1,9;4,7;3,6;1,82;5,19;3,81;1,84;4,84;3,64;1,8
140;04/12/2021;Newcastle;Burnley;1;0;1;0;H;2,44;3,59;3,26;2,33;3,35;3,19;2,46;3,53;3,25;2,36;3,44;3,07
141;04/12/2021;Southampton;Brighton;1;0;1;1;D;2,54;3,4;3,26;2,45;3,21;3,1;2,72;3,41;3,35;2,57;3,16;2,99
142;04/12/2021;Wolves;Liverpool;0;0;0;1;A;8,33;5,19;1,47;7,73;4,75;1,43;9,6;5,5;1,44;8,46;5,02;1,39
143;04/12/2021;Watford;Man City;0;2;1;3;A;17;7,7;1,23;14,65;7,19;1,2;16;8,05;1,24;13,55;7,1;1,21
144;05/12/2021;Leeds;Brentford;1;0;2;2;D;2;3,8;4,2;1,94;3,62;3,99;1,92;3,64;5,2;1,84;3,52;4,75
145;05/12/2021;Man United;Crystal Palace;0;0;1;0;H;1,61;4,45;6,6;1,57;4,19;6,09;1,55;4,7;7,13;1,52;4,46;6,42
146;05/12/2021;Tottenham;Norwich;1;0;3;0;H;1,45;5;8,5;1,41;4,75;8,11;1,51;4,73;8,7;1,46;4,49;7,52
147;05/12/2021;Aston Villa;Leicester;1;1;2;1;H;2,51;3,66;3,19;2,36;3,45;3,03;2,4;3,55;3,51;2,26;3,43;3,27
148;06/12/2021;Everton;Arsenal;0;1;2;1;H;3,62;3,7;2,26;3,38;3,52;2,16;3,95;3,64;2,38;3,47;3,44;2,18
149;10/12/2021;Brentford;Watford;0;1;2;1;H;2,36;3,45;3,45;2,29;3,32;3,34;2,63;3,65;3,21;2,52;3,32;2,94
150;11/12/2021;Man City;Wolves;0;0;1;0;H;1,19;8,8;25;1,16;8,11;20,35;1,2;8,64;22;1,17;7,8;18,64
151;11/12/2021;Arsenal;Southampton;2;0;3;0;H;1,71;4,25;5,61;1,67;3,99;5,32;1,81;4,15;5,2;1,75;3,92;4,76
152;11/12/2021;Chelsea;Leeds;1;1;3;2;H;1,32;6,25;13,75;1,28;5,95;11,46;1,3;7,63;14,75;1,24;6,6;12,72
153;11/12/2021;Liverpool;Aston Villa;0;0;1;0;H;1,27;7,25;13,04;1,23;6,85;11,92;1,27;7,3;13;1,24;6,71;11,84
154;11/12/2021;Norwich;Man United;0;0;0;1;A;7,52;4,94;1,47;7,25;4,73;1,45;8,1;5,25;1,47;7,35;4,91;1,43
155;12/12/2021;Burnley;West Ham;0;0;0;0;D;3,75;3,77;2,12;3,61;3,64;2,05;3,74;3,61;2,23;3,44;3,47;2,17
156;12/12/2021;Leicester;Newcastle;1;0;4;0;H;1,78;4,28;4,82;1,75;4,01;4,56;1,79;4,15;5,19;1,74;4,01;4,64
157;12/12/2021;Crystal Palace;Everton;1;0;3;1;H;2,36;3,42;3,67;2,29;3,21;3,42;2,32;3,3;3,8;2,25;3,19;3,56
158;14/12/2021;Norwich;Aston Villa;0;1;0;2;A;3,58;3,35;2,36;3,37;3,26;2,29;3,9;3,55;2,19;3,71;3,36;2,12
159;14/12/2021;Man City;Leeds;3;0;7;0;H;1,18;9,5;21;1,15;8,7;18,17;1,18;10,1;20,59;1,15;9,07;17,53
160;15/12/2021;Brighton;Wolves;0;1;0;1;A;2,42;3,25;3,7;2,32;3,05;3,51;2,38;3,45;4,65;2,07;3,18;4,19
161;15/12/2021;Crystal Palace;Southampton;1;2;2;2;D;2,22;3,56;3,76;2,14;3,38;3,59;2,27;3,55;4,25;2,09;3,41;3,77
162;15/12/2021;Arsenal;West Ham;0;0;2;0;H;2,28;3,78;3,44;2,2;3,58;3,26;2,3;3,76;3,78;2,09;3,59;3,58
163;16/12/2021;Chelsea;Everton;0;0;1;1;D;1,27;6,75;15;1,24;6,17;13,27;1,25;7,83;21;1,21;6,99;16,25
164;16/12/2021;Liverpool;Newcastle;2;1;3;1;H;1,15;10,25;24,98;1,12;9,52;21,43;1,15;13;35;1,11;10,85;24,82
165;18/12/2021;Leeds;Arsenal;0;3;1;4;A;4;3,95;1,98;3,89;3,78;1,91;6,4;4,65;1,63;5,8;4,35;1,57
166;19/12/2021;Newcastle;Man City;0;2;0;4;A;20;8,3;1,21;16,25;7,72;1,18;26;11;1,15;20,93;9,45;1,13
167;19/12/2021;Wolves;Chelsea;0;0;0;0;D;7;4,2;1,62;6,42;3,93;1,58;6,12;3,57;1,88;5,4;3,42;1,79
168;19/12/2021;Tottenham;Liverpool;1;1;2;2;D;5,65;4,9;1,62;5,18;4,5;1,59;5,28;4,5;1,74;4,82;4,17;1,69
169;26/12/2021;Man City;Leicester;4;0;6;3;H;1,22;8,4;18;1,18;7,85;14,75;1,17;11,5;23;1,13;10,01;18,83
170;26/12/2021;Norwich;Arsenal;0;2;0;5;A;8,3;5;1,46;7,73;4,77;1,42;7,14;4,7;1,56;6,42;4,48;1,52
171;26/12/2021;Tottenham;Crystal Palace;2;0;3;0;H;1,76;4,02;5,4;1,72;3,87;4,97;1,76;3,92;5,54;1,72;3,81;5,07
172;26/12/2021;West Ham;Southampton;0;1;2;3;A;1,92;4,04;4,4;1,85;3,8;4,18;2,01;3,85;4,17;1,96;3,64;3,94
173;26/12/2021;Aston Villa;Chelsea;1;1;1;3;A;5,8;3,95;1,75;5,35;3,77;1,7;5,5;3,95;1,77;5,19;3,77;1,72
174;26/12/2021;Brighton;Brentford;2;0;2;0;H;2,02;3,6;4,36;1,95;3,45;4,15;2,01;3,55;4,7;1,95;3,41;4,3
175;27/12/2021;Newcastle;Man United;1;0;1;1;D;7,2;4,84;1,52;6,66;4,58;1,48;7,23;5,2;1,57;6,38;4,7;1,5
176;28/12/2021;Crystal Palace;Norwich;3;0;3;0;H;1,74;3,92;6,09;1,68;3,74;5,68;1,8;3,79;5,82;1,74;3,59;5,35
177;28/12/2021;Southampton;Tottenham;1;1;1;1;D;3,96;3,67;2,11;3,74;3,51;2,05;4,12;3,57;2,22;3,7;3,41;2,11
178;28/12/2021;Watford;West Ham;1;2;1;4;A;3,45;3,75;2,26;3,28;3,58;2,2;3,97;3,85;2,15;3,52;3,7;2,06
179;28/12/2021;Leicester;Liverpool;0;0;1;0;H;8,6;6,4;1,4;7,72;5,72;1,36;9,85;6,56;1,37;8,66;6,13;1,31
180;29/12/2021;Chelsea;Brighton;1;0;1;1;D;1,47;4,81;9,17;1,43;4,5;8,18;1,4;5,55;11,51;1,35;5,04;10,37
181;29/12/2021;Brentford;Man City;0;1;0;1;A;21;8,7;1,19;17,6;7,93;1,17;18;10,1;1,2;15,88;8,3;1,17
182;30/12/2021;Man United;Burnley;3;1;3;1;H;1,42;5,25;9,5;1,38;4,99;8,54;1,41;5,3;10;1,37;5,01;8,98
183;01/01/2022;Arsenal;Man City;1;0;1;2;A;6,27;4,9;1,59;5,91;4,62;1,53;5,5;4,45;1,69;5,21;4,18;1,65
184;01/01/2022;Watford;Tottenham;0;0;0;1;A;5,6;4,35;1,66;5,32;4,17;1,62;6,45;4,27;1,68;5,67;4,1;1,62
185;01/01/2022;Crystal Palace;West Ham;0;3;2;3;A;3,29;3,66;2,42;3,09;3,46;2,33;3,77;3,47;2,32;3,45;3,32;2,23
186;02/01/2022;Brentford;Aston Villa;1;1;2;1;H;3,12;3,48;2,58;3;3,31;2,45;3,12;3,45;2,72;2,87;3,23;2,62
187;02/01/2022;Everton;Brighton;0;2;2;3;A;2,91;3,33;2,9;2,78;3,16;2,72;3,12;3,25;2,98;2,88;3,11;2,71
188;02/01/2022;Leeds;Burnley;1;0;3;1;H;2,15;3,78;3,95;2,03;3,57;3,65;2,14;3,92;3,9;2,05;3,59;3,67
189;02/01/2022;Chelsea;Liverpool;2;2;2;2;D;3,28;3,68;2,38;3,06;3,54;2,31;2,74;3,61;2,88;2,61;3,48;2,72
190;03/01/2022;Man United;Wolves;0;0;0;1;A;1,61;4,5;6,5;1,56;4,17;6,08;1,74;3,9;6,28;1,69;3,75;5,58
191;11/01/2022;Southampton;Brentford;2;1;4;1;H;2,18;3,45;3,97;2,11;3,37;3,73;2,26;3,5;3,99;2,18;3,31;3,57
192;12/01/2022;West Ham;Norwich;1;0;2;0;H;1,34;6;11,33;1,31;5,52;10,28;1,45;5,35;9,7;1,4;4,96;7,99
193;14/01/2022;Brighton;Crystal Palace;0;0;1;1;D;2,2;3,4;4,12;2,1;3,28;3,91;2,12;3,62;4,2;2,04;3,37;3,96
194;15/01/2022;Man City;Chelsea;0;0;1;0;H;1,77;4,1;5,4;1,72;3,87;5;1,74;4,56;5,75;1,63;4,2;5,3
195;15/01/2022;Newcastle;Watford;0;0;1;1;D;2,12;3,75;3,72;2,06;3,62;3,55;2,03;3,95;4,61;1,84;3,75;4,35
196;15/01/2022;Norwich;Everton;2;0;2;1;H;4;3,6;2,12;3,74;3,48;2,05;3,8;3,48;2,32;3,42;3,33;2,24
197;15/01/2022;Wolves;Southampton;1;0;3;1;H;2,4;3,3;3,72;2,32;3,16;3,4;2,57;3,2;3,62;2,42;3,1;3,3
198;15/01/2022;Aston Villa;Man United;0;1;2;2;D;3;3,64;2,54;2,92;3,49;2,42;2,95;3,61;2,95;2,56;3,49;2,77
199;16/01/2022;Liverpool;Brentford;1;0;3;0;H;1,33;6,05;13;1,3;5,68;10,64;1,3;6,79;13,6;1,28;6,13;11,02
200;16/01/2022;West Ham;Leeds;1;2;2;3;A;1,7;4,44;5,5;1,65;4,21;4,98;1,72;4,63;5,2;1,68;4,2;4,88
201;18/01/2022;Brighton;Chelsea;0;1;1;1;D;5,25;3,88;1,82;4,81;3,72;1,77;6,3;4,03;1,84;5,62;3,77;1,67
202;19/01/2022;Leicester;Tottenham;1;1;2;3;A;3,22;3,6;2,47;3,04;3,42;2,36;3,45;3,88;2,4;3,23;3,44;2,28
203;19/01/2022;Brentford;Man United;0;0;1;3;A;4,8;3,89;1,88;4,51;3,64;1,83;5,1;3,99;1,87;4,59;3,71;1,81
204;21/01/2022;Watford;Norwich;0;0;0;3;A;2,12;3,62;3,78;2,07;3,52;3,63;2,1;3,6;3,95;2,04;3,52;3,78
205;22/01/2022;Everton;Aston Villa;0;1;0;1;A;2,86;3,4;2,76;2,75;3,29;2,66;3,02;3,75;2,76;2,75;3,41;2,62
206;22/01/2022;Brentford;Wolves;0;0;1;2;A;3,21;3,22;2,63;3,09;3,05;2,54;2,7;3,43;3,4;2,48;3,04;3,25
207;22/01/2022;Leeds;Newcastle;0;0;0;1;A;2,06;3,85;3,8;2,01;3,72;3,63;2;4,3;4,2;1,9;3,88;3,96
208;22/01/2022;Man United;West Ham;0;0;1;0;H;1,97;3,96;4,1;1,91;3,8;3,88;2,21;3,75;3,88;2,1;3,62;3,52
209;22/01/2022;Southampton;Man City;1;0;1;1;D;11,5;6,5;1,31;10,18;6,08;1,28;12,25;6,82;1,33;10,89;5,92;1,29
210;23/01/2022;Arsenal;Burnley;0;0;0;0;D;1,42;5,3;11,25;1,36;4,97;9,11;1,34;5,93;12,3;1,3;5,46;11,04
211;23/01/2022;Crystal Palace;Liverpool;0;2;1;3;A;6,5;4,4;1,63;5,73;4,21;1,58;6,5;4,54;1,72;5,98;4,18;1,58
212;23/01/2022;Leicester;Brighton;0;0;1;1;D;2,68;3,55;2,9;2,55;3,37;2,8;2,74;3,6;3,08;2,6;3,43;2,76
213;23/01/2022;Chelsea;Tottenham;0;0;2;0;H;1,75;4,3;5,26;1,69;3,99;4,96;1,79;3,95;5,35;1,74;3,78;5,02
214;05/02/2022;Burnley;Watford;0;0;0;0;D;2,27;3,35;3,71;2,21;3,27;3,51;2,33;3,36;3,78;2,19;3,27;3,6
215;08/02/2022;Newcastle;Everton;1;1;3;1;H;2,66;3,54;3;2,52;3,38;2,88;2,62;3,65;3,1;2,53;3,34;2,92
216;08/02/2022;West Ham;Watford;0;0;1;0;H;1,63;4,5;7,14;1,55;4,3;6,28;1,61;4,63;7,03;1,54;4,27;6,5
217;08/02/2022;Burnley;Man United;0;1;1;1;D;6,25;4,24;1,73;5,82;4,07;1,61;6,8;4,45;1,67;6,21;4,22;1,56
218;09/02/2022;Man City;Brentford;1;0;2;0;H;1,14;10,5;27,6;1,11;9,98;23,47;1,13;12,5;47;1,09;11,02;30,43
219;09/02/2022;Norwich;Crystal Palace;1;0;1;1;D;3,66;3,54;2,25;3,5;3,36;2,18;3,92;3,42;2,34;3,55;3,27;2,22
220;09/02/2022;Tottenham;Southampton;1;1;2;3;A;1,65;4,35;6,03;1,61;4,13;5,57;1,67;4,35;6,5;1,59;4,19;5,84
221;09/02/2022;Aston Villa;Leeds;3;2;3;3;D;1,85;4,12;4,53;1,8;3,96;4,26;2,05;4,05;4,31;1,94;3,79;3,9
222;10/02/2022;Liverpool;Leicester;1;0;2;0;H;1,29;7,3;12,75;1,26;6,56;10,5;1,27;8,2;15;1,21;7,35;12,97
223;10/02/2022;Wolves;Arsenal;0;1;0;1;A;3,75;3,42;2,28;3,57;3,25;2,2;4,16;3,45;2,41;3,69;3,18;2,22
224;12/02/2022;Man United;Southampton;1;0;1;1;D;1,67;4,45;5,75;1,61;4,22;5,43;1,65;4,8;6,5;1,56;4,51;5,76
225;12/02/2022;Brentford;Crystal Palace;0;0;0;0;D;2,78;3,2;3,05;2,66;3,09;2,92;3,29;3,28;3;2,93;3,08;2,69
226;12/02/2022;Everton;Leeds;2;0;3;0;H;2,4;3,87;3,17;2,32;3,64;2,99;2,7;4,01;3;2,52;3,55;2,79
227;12/02/2022;Watford;Brighton;0;1;0;2;A;3,86;3,44;2,2;3,7;3,27;2,14;4,29;3,52;2,27;3,82;3,3;2,11
228;12/02/2022;Norwich;Man City;0;1;0;4;A;21;8,5;1,2;18,09;7,86;1,17;21;9;1,22;16,51;7,29;1,19
229;13/02/2022;Burnley;Liverpool;0;1;0;1;A;12,5;6,2;1,32;10,72;5,75;1,29;15;7,3;1,27;12,85;6,77;1,23
230;13/02/2022;Newcastle;Aston Villa;1;0;1;0;H;2,8;3,68;2,7;2,72;3,44;2,6;2,85;3,52;2,7;2,78;3,39;2,6
231;13/02/2022;Tottenham;Wolves;0;2;0;2;A;1,73;3,94;6;1,68;3,76;5,57;1,77;3,9;5,9;1,7;3,72;5,57
232;13/02/2022;Leicester;West Ham;1;1;2;2;D;3,05;3,8;2,54;2,88;3,58;2,4;3,05;3,66;2,6;2,88;3,5;2,47
233;15/02/2022;Man United;Brighton;0;0;2;0;H;1,85;3,9;5;1,78;3,78;4,74;1,97;3,89;5,1;1,84;3,61;4,61
234;19/02/2022;West Ham;Newcastle;1;1;1;1;D;1,76;4,1;5,45;1,7;3,91;5,11;1,71;4,41;5,87;1,65;4,03;5,39
235;19/02/2022;Arsenal;Brentford;0;0;2;1;H;1,5;4,6;8,5;1,46;4,46;7,68;1,61;4,4;8;1,54;3,96;7,27
236;19/02/2022;Aston Villa;Watford;0;0;0;1;A;1,7;4,14;5,75;1,67;3,93;5,41;1,7;4,1;6,35;1,65;3,95;5,57
237;19/02/2022;Brighton;Burnley;0;2;0;3;A;1,71;3,88;6,2;1,67;3,74;5,75;1,69;3,97;7,1;1,63;3,8;6,21
238;19/02/2022;Crystal Palace;Chelsea;0;0;0;1;A;5,95;4,1;1,7;5,59;3,9;1,65;6,49;3,91;1,78;5,62;3,73;1,69
239;19/02/2022;Liverpool;Norwich;0;0;3;1;H;1,14;11;32;1,12;9,63;24,83;1,15;10,1;26;1,13;9,38;22,62
240;19/02/2022;Southampton;Everton;0;0;2;0;H;2,15;3,65;3,72;2,08;3,56;3,58;2,17;3,93;3,97;2,08;3,55;3,64
241;19/02/2022;Man City;Tottenham;1;1;2;3;A;1,32;6,35;12,25;1,29;5,87;10,84;1,38;6,8;13,5;1,28;6,12;11,03
242;20/02/2022;Leeds;Man United;0;2;2;4;A;4,2;4,1;1,95;3,91;3,86;1,9;5,32;4,45;1,8;4,77;4,17;1,7
243;20/02/2022;Wolves;Leicester;1;1;2;1;H;2,36;3,48;3,51;2,29;3,28;3,33;2,35;3,52;3,85;2,22;3,23;3,63
244;23/02/2022;Burnley;Tottenham;0;0;1;0;H;5;3,83;1,85;4,72;3,73;1,79;4,9;3,78;2,05;4,65;3,61;1,84
245;23/02/2022;Watford;Crystal Palace;1;2;1;4;A;3,33;3,45;2,48;3,2;3,24;2,4;3,05;3,2;2,74;2,97;3,12;2,64
246;23/02/2022;Liverpool;Leeds;3;0;6;0;H;1,18;9,3;19,5;1,16;8,73;16,66;1,22;8,89;17;1,18;8,24;15,04
247;24/02/2022;Arsenal;Wolves;0;1;2;1;H;1,7;4;6,25;1,65;3,8;5,83;1,74;3,84;6,3;1,67;3,72;5,88
248;25/02/2022;Southampton;Norwich;1;0;2;0;H;1,63;4,54;6,6;1,54;4,37;6,22;1,61;5,05;7;1,51;4,48;6,63
249;26/02/2022;Leeds;Tottenham;0;3;0;4;A;4,25;4,15;1,94;4,03;3,96;1,86;4,18;4;2,06;3,73;3,81;1,97
250;26/02/2022;Brentford;Newcastle;0;2;0;2;A;2,6;3,35;3,16;2,52;3,17;3,04;2,57;3,2;3,6;2,38;3,11;3,38
251;26/02/2022;Crystal Palace;Burnley;1;0;1;1;D;2,02;3,6;4,34;1,97;3,42;4,19;2;3,43;5,2;1,91;3,33;4,68
252;26/02/2022;Man United;Watford;0;0;0;0;D;1,38;5,8;10,19;1,34;5,44;9,04;1,42;5,29;9,5;1,38;5;8,66
253;26/02/2022;Brighton;Aston Villa;0;1;0;2;A;2,35;3,42;3,52;2,27;3,28;3,41;2,31;3,4;3,7;2,23;3,26;3,53
254;26/02/2022;Everton;Man City;0;0;0;1;A;12,5;6,5;1,32;10,95;6,04;1,28;15,5;7;1,45;12,54;6,34;1,25
255;27/02/2022;West Ham;Wolves;0;0;1;0;H;2,2;3,35;4,28;2,11;3,24;3,89;2,03;3,44;4,73;1,94;3,35;4,51
256;01/03/2022;Burnley;Leicester;0;0;0;2;A;3,05;3,41;2,6;2,94;3,34;2,52;3,18;3,4;2,65;2,91;3,29;2,56
257;05/03/2022;Leicester;Leeds;0;0;1;0;H;1,86;4,25;4,47;1,8;4,12;4,14;2,14;3,9;3,92;2,04;3,79;3,54
258;05/03/2022;Aston Villa;Southampton;2;0;4;0;H;2,45;3,7;3,15;2,36;3,48;3,04;2,32;3,72;3,48;2,25;3,54;3,23
259;05/03/2022;Burnley;Chelsea;0;0;0;4;A;8;4,34;1,54;7,44;4,15;1,5;8,09;4,3;1,59;7,39;4,08;1,52
260;05/03/2022;Newcastle;Brighton;2;0;2;1;H;2,88;3,36;2,82;2,77;3,19;2,74;2,8;3,29;3,02;2,66;3,11;2,92
261;05/03/2022;Norwich;Brentford;0;1;1;3;A;3,04;3,34;2,68;2,95;3,15;2,6;3,43;3,26;2,55;3,12;3,18;2,47
262;05/03/2022;Wolves;Crystal Palace;0;2;0;2;A;2,48;3,26;3,52;2,37;3,1;3,4;2,48;3,16;3,77;2,38;3,03;3,47
263;05/03/2022;Liverpool;West Ham;1;0;1;0;H;1,33;6,35;11;1,3;5,86;9,95;1,42;7,62;13;1,26;6,67;11,24
264;06/03/2022;Watford;Arsenal;1;2;2;3;A;6,6;4,18;1,65;6,14;4,02;1,59;7,17;4,41;1,59;6,65;4,26;1,54
265;06/03/2022;Man City;Man United;2;1;4;1;H;1,45;5,3;8,6;1,41;4,91;7,86;1,57;5,45;9,4;1,42;5,03;7,75
266;07/03/2022;Tottenham;Everton;3;0;5;0;H;1,66;4,4;6;1,61;4,13;5,61;1,85;4,12;5,4;1,73;3,92;4,96
267;10/03/2022;Norwich;Chelsea;0;2;1;3;A;14,15;5,85;1,32;11,9;5,59;1,29;11;5,15;1,42;9,67;4,94;1,36
268;10/03/2022;Southampton;Newcastle;1;1;1;2;A;2,05;3,82;4,05;2;3,7;3,71;2,08;3,69;4,41;1,96;3,55;4,07
269;10/03/2022;Wolves;Watford;2;0;4;0;H;1,88;3,62;5,1;1,82;3,5;4,84;2;3,52;4,67;1,93;3,43;4,38
270;10/03/2022;Leeds;Aston Villa;0;1;0;3;A;2,86;3,7;2,64;2,72;3,59;2,54;3,13;3,65;2,56;2,85;3,58;2,46
271;12/03/2022;Brighton;Liverpool;0;1;0;2;A;6,65;4,73;1,58;6,2;4,47;1,53;7,2;4,81;1,53;6,8;4,64;1,48
272;12/03/2022;Brentford;Burnley;0;0;2;0;H;2,3;3,4;3,8;2,2;3,23;3,65;2,19;3,44;4,02;2,11;3,3;3,82
273;12/03/2022;Man United;Tottenham;2;1;3;2;H;2,24;3,68;3,52;2,18;3,56;3,33;2,5;3,84;3,2;2,33;3,51;3,09
274;13/03/2022;Chelsea;Newcastle;0;0;1;0;H;1,36;5,65;11,2;1,33;5,3;10,16;1,45;5;9,19;1,41;4,83;8,35
275;13/03/2022;Everton;Wolves;0;0;0;1;A;2,38;3,38;3,5;2,31;3,24;3,35;2,36;3,3;3,84;2,29;3,12;3,57
276;13/03/2022;Leeds;Norwich;1;0;2;1;H;1,67;4,5;6;1,6;4,31;5,51;1,66;4,38;5,75;1,63;4,21;5,43
277;13/03/2022;Southampton;Watford;1;2;1;2;A;1,66;4,33;6;1,61;4,17;5,59;1,72;4,27;5,6;1,66;4,08;5,29
278;13/03/2022;West Ham;Aston Villa;0;0;2;1;H;2,45;3,45;3,55;2,33;3,31;3,24;2,62;3,41;3,22;2,53;3,28;2,96
279;13/03/2022;Arsenal;Leicester;1;0;2;0;H;1,58;4,74;6,5;1,53;4,55;6;1,51;5,15;8,1;1,43;4,9;7,49
280;14/03/2022;Crystal Palace;Man City;0;0;0;0;D;11,25;5,8;1,36;9,82;5,5;1,32;11,85;5,65;1,43;9,89;5,42;1,33
281;16/03/2022;Brighton;Tottenham;0;1;0;2;A;3,38;3,48;2,38;3,28;3,34;2,3;3,86;3,51;2,2;3,67;3,4;2,13
282;16/03/2022;Arsenal;Liverpool;0;0;0;2;A;4;4,25;1,98;3,78;3,98;1,92;3,88;3,83;2,23;3,6;3,64;2,07
283;17/03/2022;Everton;Newcastle;0;0;1;0;H;2,43;3,58;3,23;2,37;3,38;3,11;2,56;3,31;3,3;2,43;3,21;3,19
284;18/03/2022;Wolves;Leeds;2;0;2;3;A;2,25;3,66;3,75;2,14;3,49;3,56;2,36;3,6;3,64;2,23;3,36;3,44
285;19/03/2022;Aston Villa;Arsenal;0;1;0;1;A;3,1;3,6;2,52;2,99;3,47;2,41;3,14;3,6;2,55;2,98;3,39;2,46
286;20/03/2022;Leicester;Brentford;2;0;2;1;H;2,26;3,55;3,59;2,19;3,45;3,41;2,21;3,55;3,76;2,14;3,4;3,59
287;20/03/2022;Tottenham;West Ham;2;1;3;1;H;1,8;4,15;5,02;1,75;3,94;4,7;1,8;4,13;5,35;1,73;3,82;5,12
288;02/04/2022;Liverpool;Watford;1;0;2;0;H;1,16;10;26;1,13;9,36;21,82;1,18;9,39;21,83;1,16;8,32;17,96
289;02/04/2022;Brighton;Norwich;0;0;0;0;D;1,54;4,47;8,3;1,5;4,12;7,51;1,55;4,5;8,21;1,49;4,26;7,44
290;02/04/2022;Burnley;Man City;0;2;0;2;A;15;7;1,26;13,75;6,54;1,23;21;7,8;1,23;16,6;6,99;1,2
291;02/04/2022;Chelsea;Brentford;0;0;1;4;A;1,38;5,33;11;1,35;4,99;10,04;1,43;5;10;1,4;4,7;9,11
292;02/04/2022;Leeds;Southampton;1;0;1;1;D;2,54;3,89;3,02;2,42;3,61;2,86;2,55;3,7;2,96;2,45;3,59;2,83
293;02/04/2022;Wolves;Aston Villa;2;0;2;1;H;3,13;3,3;2,71;3,01;3,1;2,59;3,16;3,18;2,64;3,07;3,07;2,59
294;02/04/2022;Man United;Leicester;0;0;1;1;D;1,56;4,8;6,75;1,52;4,6;6,1;1,73;4,76;6,05;1,57;4,43;5,65
295;03/04/2022;West Ham;Everton;1;0;2;1;H;1,85;3,91;4,9;1,79;3,75;4,6;1,87;3,9;4,9;1,79;3,77;4,68
296;03/04/2022;Tottenham;Newcastle;1;1;5;1;H;1,56;4,55;7;1,52;4,36;6,58;1,74;4,48;6,8;1,56;4,23;6,22
297;04/04/2022;Crystal Palace;Arsenal;2;0;3;0;H;4,25;3,56;2,06;4,05;3,41;1,99;4,46;3,5;2,22;4,05;3,38;2,02
298;06/04/2022;Burnley;Everton;1;2;3;2;H;2,75;3,26;3,13;2,57;3,16;2,98;2,7;3,22;3,3;2,55;3,1;3,08
299;08/04/2022;Newcastle;Wolves;0;0;1;0;H;2,4;3,26;3,69;2,31;3,11;3,51;2,07;3,41;4,6;2,01;3,28;4,23
300;09/04/2022;Everton;Man United;1;0;1;0;H;4,74;3,95;1,85;4,48;3,84;1,8;4,34;3,95;1,97;4,02;3,8;1,9
301;09/04/2022;Arsenal;Brighton;0;1;1;2;A;1,7;4,05;6;1,65;3,9;5,64;1,71;3,94;6,43;1,65;3,76;6,05
302;09/04/2022;Southampton;Chelsea;0;4;0;6;A;4,19;3,85;2;3,98;3,69;1,93;4,2;3,72;2,1;3,85;3,58;2
303;09/04/2022;Watford;Leeds;0;1;0;3;A;2,77;3,7;2,69;2,69;3,54;2,58;2,91;3,58;2,72;2,8;3,43;2,57
304;09/04/2022;Aston Villa;Tottenham;0;1;0;4;A;3,3;3,68;2,34;3,15;3,55;2,27;3,5;3,7;2,3;3,35;3,52;2,2
305;10/04/2022;Brentford;West Ham;0;0;2;0;H;2,86;3,48;2,88;2,69;3,31;2,73;2,85;3,44;2,95;2,7;3,28;2,75
306;10/04/2022;Leicester;Crystal Palace;2;0;2;1;H;2,5;3,58;3,15;2,41;3,44;2,98;2,64;3,45;3,19;2,52;3,28;2,97
307;10/04/2022;Norwich;Burnley;1;0;2;0;H;3,15;3,32;2,65;2,97;3,19;2,56;3,25;3,58;2,5;3,13;3,37;2,36
308;10/04/2022;Man City;Liverpool;2;1;2;2;D;2,14;3,88;3,7;2,06;3,71;3,5;2,11;4,12;3,98;1,99;3,74;3,74
309;16/04/2022;Tottenham;Brighton;0;0;0;1;A;1,59;4,4;6,9;1,54;4,25;6,35;1,59;4,6;7,1;1,52;4,46;6,48
310;16/04/2022;Man United;Norwich;2;1;3;2;H;1,28;6,8;15;1,24;6,45;12,84;1,31;6,75;12;1,28;6,27;10,17
311;16/04/2022;Southampton;Arsenal;1;0;1;0;H;4,05;3,9;2,02;3,9;3,68;1,95;4,22;3,83;2,01;4;3,7;1,93
312;16/04/2022;Watford;Brentford;0;1;1;2;A;2,95;3,4;2,65;2,86;3,28;2,59;3,23;3,5;2,6;2,98;3,32;2,49
313;17/04/2022;Newcastle;Leicester;1;1;2;1;H;2,36;3,5;3,46;2,25;3,38;3,32;2,14;3,61;4;2,05;3,52;3,76
314;17/04/2022;West Ham;Burnley;0;1;1;1;D;1,79;4,04;5,46;1,72;3,84;5,02;1,88;3,88;4,98;1,81;3,72;4,64
315;19/04/2022;Liverpool;Man United;2;0;4;0;H;1,51;5,5;8;1,41;5,21;7,44;1,45;6;9,6;1,35;5,61;8,56
316;20/04/2022;Chelsea;Arsenal;2;2;2;4;A;1,92;3,8;4,65;1,87;3,64;4,34;1,99;3,65;4,75;1,92;3,5;4,35
317;20/04/2022;Everton;Leicester;0;1;1;1;D;2,4;3,62;3,27;2,32;3,45;3,15;2,7;3,4;3;2,59;3,3;2,87
318;20/04/2022;Newcastle;Crystal Palace;1;0;1;0;H;2,44;3,4;3,36;2,34;3,26;3,25;2,38;3,39;3,65;2,3;3,2;3,44
319;20/04/2022;Man City;Brighton;0;0;3;0;H;1,23;7,3;19,5;1,2;6,85;17,12;1,37;6,95;17;1,23;6,48;14,46
320;21/04/2022;Burnley;Southampton;2;0;2;0;H;2,95;3,56;2,72;2,76;3,41;2,61;2,75;3,59;2,84;2,65;3,34;2,75
321;23/04/2022;Arsenal;Man United;2;1;3;1;H;2,18;3,75;3,7;2,11;3,58;3,5;2,14;3,8;3,8;2,05;3,65;3,65
322;23/04/2022;Leicester;Aston Villa;0;0;0;0;D;3;3,5;2,68;2,85;3,39;2,54;3,13;3,63;2,58;2,98;3,35;2,47
323;23/04/2022;Man City;Watford;3;1;5;1;H;1,14;10,5;32;1,11;9,78;25,83;1,14;11;31;1,11;10,03;24,75
324;23/04/2022;Norwich;Newcastle;0;2;0;3;A;3,76;3,57;2,26;3,55;3,33;2,18;3,73;3,47;2,31;3,47;3,3;2,23
325;23/04/2022;Brentford;Tottenham;0;0;0;0;D;4,5;3,8;1,94;4,28;3,67;1,87;5,32;4,2;1,8;4,76;3,97;1,73
326;24/04/2022;Brighton;Southampton;2;1;2;2;D;2,23;3,45;3,78;2,17;3,32;3,59;2,18;3,64;4,1;2,08;3,37;3,83
327;24/04/2022;Burnley;Wolves;0;0;1;0;H;2,91;3,32;2,95;2,71;3,11;2,86;2,7;3,46;3,17;2,57;3,11;3,06
328;24/04/2022;Chelsea;West Ham;0;0;1;0;H;1,59;4,6;6,7;1,53;4,37;6,4;1,48;5,26;8,6;1,43;4,79;7,9
329;24/04/2022;Liverpool;Everton;0;0;2;0;H;1,22;7,9;19;1,19;7,35;15,64;1,24;7,9;17;1,2;7,29;15,26
330;25/04/2022;Crystal Palace;Leeds;0;0;0;0;D;2,14;3,7;3,7;2,08;3,59;3,53;2,5;3,57;3,17;2,42;3,44;3
331;28/04/2022;Man United;Chelsea;0;0;1;1;D;3,25;3,76;2,35;3,17;3,57;2,25;3,75;3,99;2,22;3,54;3,61;2,09
332;30/04/2022;Newcastle;Liverpool;0;1;0;1;A;8,5;5,1;1,47;7,81;4,87;1,41;7;4,55;1,59;6,44;4,34;1,54
333;30/04/2022;Aston Villa;Norwich;1;0;2;0;H;1,43;5,2;9;1,4;4,94;8,3;1,5;5,19;8,7;1,42;4,86;7,86
334;30/04/2022;Southampton;Crystal Palace;1;0;1;2;A;2,5;3,54;3,14;2,41;3,37;3,05;2,58;3,3;3,4;2,46;3,17;3,15
335;30/04/2022;Watford;Burnley;1;0;1;2;A;2,78;3,45;2,84;2,68;3,31;2,75;2,76;3,33;2,97;2,63;3,22;2,88
336;30/04/2022;Wolves;Brighton;0;1;0;3;A;2,88;3,25;2,93;2,75;3,09;2,83;2,88;3,13;3;2,76;2,99;2,93
337;30/04/2022;Leeds;Man City;0;1;0;4;A;11;6,3;1,33;9,69;5,85;1,31;11;6,1;1,42;9,49;5,74;1,32
338;01/05/2022;Everton;Chelsea;0;0;1;0;H;5,21;3,88;1,82;4,83;3,71;1,77;5,57;4,05;1,79;5,11;3,86;1,72
339;01/05/2022;Tottenham;Leicester;1;0;3;1;H;1,49;5;7,5;1,46;4,8;6,88;1,42;5,83;10;1,36;5,27;8,81
340;01/05/2022;West Ham;Arsenal;1;1;1;2;A;4,75;4,1;1,84;4,54;3,84;1,79;4,62;4,15;1,92;4,4;3,89;1,81
341;02/05/2022;Man United;Brentford;1;0;3;0;H;1,82;4,1;4,75;1,76;3,95;4,51;1,87;4,15;5,05;1,76;3,98;4,56
342;07/05/2022;Brentford;Southampton;2;0;3;0;H;2,28;3,62;3,55;2,21;3,44;3,35;2,16;3,65;3,7;2,11;3,54;3,54
343;07/05/2022;Burnley;Aston Villa;0;2;1;3;A;3,1;3,51;2,55;3;3,33;2,46;3,23;3,34;2,63;3,09;3,17;2,49
344;07/05/2022;Chelsea;Wolves;0;0;2;2;D;1,39;5,3;11,25;1,36;4,95;9,62;1,42;5,25;11;1,37;4,9;9,29
345;07/05/2022;Crystal Palace;Watford;1;0;1;0;H;1,74;4,05;5,5;1,69;3,89;5,2;1,74;3,95;5,75;1,69;3,84;5,33
346;07/05/2022;Brighton;Man United;1;0;4;0;H;2,86;3,58;2,67;2,8;3,44;2,56;3,28;3,5;2,6;3,02;3,34;2,46
347;07/05/2022;Liverpool;Tottenham;0;0;1;1;D;1,5;5,2;7,3;1,46;4,89;6,68;1,51;5,45;7,6;1,43;5,12;7,05
348;08/05/2022;Arsenal;Leeds;2;0;2;1;H;1,5;5,03;7,31;1,46;4,81;6,77;1,59;4,9;6,6;1,53;4,51;6,21
349;08/05/2022;Leicester;Everton;1;2;1;2;A;2,72;3,44;3,05;2,61;3,34;2,8;2,79;3,4;2,9;2,68;3,26;2,78
350;08/05/2022;Norwich;West Ham;0;3;0;4;A;4,7;3,96;1,86;4,51;3,81;1,8;5,14;4,2;1,74;4,88;4,03;1,7
351;08/05/2022;Man City;Newcastle;2;0;5;0;H;1,2;8;21;1,18;7,63;17,16;1,22;8,6;21;1,18;7,9;16,78
352;10/05/2022;Aston Villa;Liverpool;1;1;1;2;A;8;5;1,56;7,35;4,85;1,44;6,84;4,8;1,65;6,37;4,55;1,52
353;11/05/2022;Leeds;Chelsea;0;1;0;3;A;5,34;4,4;1,7;4,98;4,17;1,67;5,25;4,25;1,77;4,86;4,12;1,69
354;11/05/2022;Leicester;Norwich;0;0;3;0;H;1,49;5,2;8;1,44;4,9;7,02;1,42;6;10,25;1,34;5,57;9,13
355;11/05/2022;Watford;Everton;0;0;0;0;D;4,5;3,89;1,93;4,26;3,68;1,87;6,4;3,94;1,78;5,69;3,77;1,67
356;11/05/2022;Wolves;Man City;1;3;1;5;A;14,04;6,4;1,29;12,83;5,88;1,26;14;6,75;1,33;12;6,22;1,26
357;12/05/2022;Tottenham;Arsenal;2;0;3;0;H;2,2;3,79;3,62;2,12;3,6;3,42;2,38;3,6;3,34;2,28;3,47;3,22
358;15/05/2022;Tottenham;Burnley;1;0;1;0;H;1,38;5,6;9,71;1,34;5,36;9,11;1,37;5,8;11,5;1,32;5,56;10,15
359;15/05/2022;Aston Villa;Crystal Palace;0;0;1;1;D;2,15;3,72;3,75;2,06;3,55;3,63;2,09;3,66;4,99;1,88;3,55;4,46
360;15/05/2022;Leeds;Brighton;0;1;1;1;D;2,8;3,7;2,75;2,67;3,52;2,61;2,78;3,63;2,88;2,67;3,45;2,68
361;15/05/2022;Watford;Leicester;1;2;1;5;A;3,86;3,84;2,1;3,65;3,68;2,02;5,54;4,2;1,77;5,12;3,95;1,7
362;15/05/2022;West Ham;Man City;2;0;2;2;D;8,5;5,55;1,42;8,01;5,2;1,38;8,7;5,5;1,45;7,97;5,2;1,39
363;15/05/2022;Wolves;Norwich;0;1;1;1;D;1,5;4,8;8;1,46;4,58;7,25;1,58;4,7;7;1,54;4,44;6,04
364;15/05/2022;Everton;Brentford;2;1;2;3;A;2,18;3,65;3,75;2,1;3,55;3,53;1,99;3,84;4,72;1,91;3,61;4,21
365;16/05/2022;Newcastle;Arsenal;0;0;2;0;H;4,33;3,98;1,95;4,14;3,68;1,88;4,8;4,1;1,93;4,29;3,82;1,84
366;17/05/2022;Southampton;Liverpool;1;1;1;2;A;9;5,8;1,42;8,02;5,49;1,37;7,3;5,25;1,57;6,64;4,91;1,47
367;19/05/2022;Everton;Crystal Palace;0;2;3;2;H;2,01;3,66;4,5;1,95;3,47;4,16;1,9;3,9;4,95;1,86;3,51;4,62
368;19/05/2022;Aston Villa;Burnley;0;1;1;1;D;2,12;3,7;3,9;2,05;3,56;3,7;2,11;3,91;4,1;2,04;3,45;3,88
369;19/05/2022;Chelsea;Leicester;1;1;1;1;D;1,42;5,4;9,25;1,38;4,91;8,66;1,48;5,26;8,17;1,42;4,94;7,48
370;22/05/2022;Arsenal;Everton;2;1;5;1;H;1,4;5,5;9,6;1,37;5,15;8,69;1,4;5,88;10;1,34;5,54;8,95
371;22/05/2022;Brentford;Leeds;0;0;1;2;A;2,48;3,92;2,88;2,41;3,76;2,79;2,43;3,94;3,12;2,33;3,8;2,88
372;22/05/2022;Brighton;West Ham;0;1;3;1;H;2,5;3,7;3;2,4;3,57;2,91;2,9;3,6;2,86;2,66;3,47;2,68
373;22/05/2022;Burnley;Newcastle;0;1;1;2;A;2,34;3,62;3,37;2,24;3,48;3,25;2,6;3,67;3,2;2,48;3,28;3,03
374;22/05/2022;Chelsea;Watford;1;0;2;1;H;1,22;8,7;20;1,17;7,89;17,63;1,22;8,3;19;1,19;7,51;16,11
375;22/05/2022;Crystal Palace;Man United;1;0;1;0;H;3,23;3,81;2,35;3,1;3,66;2,25;3,01;3,65;2,64;2,81;3,49;2,53
376;22/05/2022;Leicester;Southampton;0;0;4;1;H;1,95;4,25;4;1,88;4,03;3,86;1,77;4,45;4,8;1,71;4,29;4,52
377;22/05/2022;Liverpool;Wolves;1;1;3;1;H;1,19;8,8;23;1,16;8,12;18,95;1,17;10,9;24;1,14;9,22;19,12
378;22/05/2022;Man City;Aston Villa;0;1;3;2;H;1,2;9,1;24;1,16;8,18;18,24;1,2;8,8;19;1,17;8,27;15,87
379;22/05/2022;Norwich;Tottenham;0;2;0;5;A;13;7;1,29;11,19;6,45;1,26;12;6,25;1,36;9,99;5,59;1,31